/*******************************************************************************
Insert Data
********************************************************************************/

/*******************************************************************************
Insert Into Insurance Providers
********************************************************************************/
INSERT INTO insurance_providers (insurance_id, provider_name, plan_type, coverage_percent) VALUES
(601, 'United HealthCare', 'Premium', 90),
(602, 'Aetna', 'Standard', 80),
(603, 'Cigna', 'Basic', 70),
(604, 'Blue Cross', 'Premium', 85),
(605, 'Kaiser Permanente', 'Standard', 75);

/*******************************************************************************
Insert Into Hospitals
********************************************************************************/
INSERT INTO hospitals (hospital_id, hospital_name, city, specialization) VALUES
(201, 'NY General Hospital', 'New York', 'Cardiology, Neurology, Oncology'),
(202, 'LA Medical Center', 'Los Angeles', 'Orthopedics, Pediatrics, Dermatology'),
(203, 'Chicago Health', 'Chicago', 'Emergency, Psychiatry, Cardiology'),
(204, 'Houston Care Hospital', 'Houston', 'Gastroenterology, Oncology, Neurology'),
(205, 'Phoenix Clinic', 'Phoenix', 'Dermatology, Psychiatry, Neurology');

/*******************************************************************************
Insert Into doctors
********************************************************************************/
INSERT INTO doctors (doctor_id, name, specialty, hospital_id) VALUES
(301, 'Dr. Sarah Johnson', 'Cardiology', 201),
(302, 'Dr. Alex Smith', 'Neurology', 201),
(303, 'Dr. Emily Davis', 'Oncology', 201),
(304, 'Dr. Michael Brown', 'Cardiology', 201),
(305, 'Dr. Laura Wilson', 'Neurology', 201),
(306, 'Dr. David Taylor', 'Orthopedics', 202),
(307, 'Dr. Emma Thomas', 'Pediatrics', 202),
(308, 'Dr. Chris Martin', 'Dermatology', 202),
(309, 'Dr. Olivia Garcia', 'Orthopedics', 202),
(310, 'Dr. Ethan Martinez', 'Pediatrics', 202),
(311, 'Dr. Mia Rodriguez', 'Emergency', 203),
(312, 'Dr. James Anderson', 'Psychiatry', 203),
(313, 'Dr. Abigail Moore', 'Cardiology', 203),
(314, 'Dr. Benjamin Lee', 'Emergency', 203),
(315, 'Dr. Grace White', 'Psychiatry', 203),
(316, 'Dr. Sophia Harris', 'Gastroenterology', 204),
(317, 'Dr. Daniel Clark', 'Oncology', 204),
(318, 'Dr. Chloe Lewis', 'Neurology', 204),
(319, 'Dr. Matthew Young', 'Gastroenterology', 204),
(320, 'Dr. Lily King', 'Oncology', 204),
(321, 'Dr. Logan Wright', 'Dermatology', 205),
(322, 'Dr. Ella Scott', 'Psychiatry', 205),
(323, 'Dr. Henry Adams', 'Neurology', 205),
(324, 'Dr. Zoe Baker', 'Psychiatry', 205),
(325, 'Dr. Samuel Nelson', 'Neurology', 205);

/*******************************************************************************
Insert Into Patients
********************************************************************************/
INSERT INTO patients (patient_id, name, gender, date_of_birth, phone, address, insurance_id) VALUES
(101, 'John Doe', 'Male', '1985-05-22', '123-456-7890', '123 Main St, New York, NY', 601),
(102, 'Jane Smith', 'Female', '1990-08-15', '321-654-0987', '456 Maple Ave, Los Angeles, CA', 602),
(103, 'Michael Johnson', 'Male', '1975-12-05', '789-012-3456', '789 Elm St, Chicago, IL', 603),
(104, 'Emily Davis', 'Female', '1988-03-10', '987-654-3210', '101 Oak St, Houston, TX', 604),
(105, 'Chris Brown', 'Male', '1992-09-25', '555-555-5555', '202 Pine St, Phoenix, AZ', 605),
(106, 'Alice Taylor', 'Female', '1983-11-30', '444-111-2222', '303 Cedar Ave, New York, NY', 601),
(107, 'Jacob Wilson', 'Male', '1996-07-07', '333-444-5555', '404 Birch St, Los Angeles, CA', 602),
(108, 'Mia White', 'Female', '1994-02-18', '666-777-8888', '505 Spruce Rd, Chicago, IL', 603),
(109, 'Liam Harris', 'Male', '1980-06-12', '777-888-9999', '606 Walnut St, Houston, TX', 604),
(110, 'Olivia Martin', 'Female', '1987-01-23', '888-999-0000', '707 Poplar St, Phoenix, AZ', 605),
(111, 'Ethan Clark', 'Male', '1982-04-14', '112-233-4455', '808 Willow St, New York, NY', 601),
(112, 'Sophia Lewis', 'Female', '1991-06-09', '556-677-8899', '909 Aspen Dr, Los Angeles, CA', 602),
(113, 'Daniel Walker', 'Male', '1979-10-01', '667-788-9900', '111 Redwood Blvd, Chicago, IL', 603),
(114, 'Ava Hall', 'Female', '1993-12-19', '778-899-0011', '222 Sequoia Ave, Houston, TX', 604),
(115, 'Lucas Allen', 'Male', '1986-08-30', '889-900-1122', '333 Chestnut Rd, Phoenix, AZ', 605),
(116, 'Isabella Young', 'Female', '1985-07-25', '900-112-2233', '444 Magnolia St, New York, NY', 601),
(117, 'Mason Hernandez', 'Male', '1997-11-11', '111-223-3344', '555 Palm Ave, Los Angeles, CA', 602),
(118, 'Charlotte King', 'Female', '1995-03-17', '222-334-4455', '666 Olive Blvd, Chicago, IL', 603),
(119, 'Logan Wright', 'Male', '1981-02-02', '333-445-5566', '777 Bay St, Houston, TX', 604),
(120, 'Amelia Scott', 'Female', '1989-05-20', '444-556-6677', '888 Pearl Ave, Phoenix, AZ', 605),
(121, 'Sebastian Green', 'Male', '1984-09-13', '555-667-7788', '999 Quartz Rd, New York, NY', 601),
(122, 'Harper Adams', 'Female', '1998-12-27', '666-778-8899', '111 Coral St, Los Angeles, CA', 602),
(123, 'Elijah Baker', 'Male', '1978-11-15', '777-889-9900', '222 Opal Blvd, Chicago, IL', 603),
(124, 'Abigail Nelson', 'Female', '1992-04-05', '888-900-0011', '333 Sapphire St, Houston, TX', 604),
(125, 'James Carter', 'Male', '1987-03-28', '999-001-1122', '444 Amber Rd, Phoenix, AZ', 605),
(126, 'Noah Carter', 'Male', '1990-02-15', '333-444-5666', '123 Pine Rd, New York, NY', 601),
(127, 'Lily Green', 'Female', '1993-05-25', '444-555-6777', '456 Elm St, Los Angeles, CA', 602),
(128, 'William Brown', 'Male', '1986-09-30', '555-666-7888', '789 Oak Ave, Chicago, IL', 603),
(129, 'Ella Harris', 'Female', '1989-04-18', '666-777-8899', '101 Maple Rd, Houston, TX', 604),
(130, 'James Robinson', 'Male', '1982-11-11', '777-888-9900', '202 Birch St, Phoenix, AZ', 605),
(131, 'Mason Lewis', 'Male', '1994-03-17', '555-555-5555', '303 Pine Rd, New York, NY', 601),
(132, 'Amelia White', 'Female', '1987-12-10', '444-444-4444', '404 Oak Rd, Los Angeles, CA', 602),
(133, 'Logan Scott', 'Male', '1995-01-06', '333-333-3333', '505 Elm St, Chicago, IL', 603),
(134, 'Sophia Miller', 'Female', '1984-05-25', '666-666-6666', '606 Maple Ave, Houston, TX', 604),
(135, 'Jackson Adams', 'Male', '1991-08-19', '555-777-8888', '707 Pine St, Phoenix, AZ', 605),
(136, 'Isabella Johnson', 'Female', '1988-07-11', '444-333-2222', '808 Birch St, New York, NY', 601),
(137, 'Megan Davis', 'Female', '1992-06-01', '333-222-1111', '909 Oak Rd, Los Angeles, CA', 602),
(138, 'Lucas Wilson', 'Male', '1981-04-28', '555-444-3333', '101 Cedar Ave, Chicago, IL', 603),
(139, 'Ava Lee', 'Female', '1983-12-03', '666-555-4444', '202 Maple Ave, Houston, TX', 604),
(140, 'Elijah White', 'Male', '1990-09-12', '777-666-5555', '303 Pine Rd, Phoenix, AZ', 605),
(141, 'Zoe Thompson', 'Female', '1996-02-25', '444-555-6666', '404 Oak St, New York, NY', 601),
(142, 'Ethan Taylor', 'Male', '1992-07-19', '333-444-5555', '505 Elm St, Los Angeles, CA', 602),
(143, 'Mia Clark', 'Female', '1985-10-03', '666-777-8888', '606 Maple Ave, Chicago, IL', 603),
(144, 'Benjamin Hall', 'Male', '1994-08-30', '555-666-7777', '707 Pine Rd, Houston, TX', 604),
(145, 'Charlotte Wilson', 'Female', '1989-12-20', '444-555-6666', '808 Oak Ave, Phoenix, AZ', 605),
(146, 'Elijah King', 'Male', '1990-11-17', '333-222-1111', '909 Birch St, New York, NY', 601),
(147, 'Grace Martinez', 'Female', '1991-09-05', '555-444-3333', '101 Cedar Rd, Los Angeles, CA', 602),
(148, 'Henry Clark', 'Male', '1984-01-29', '666-555-4444', '202 Maple Ave, Chicago, IL', 603),
(149, 'Chloe Adams', 'Female', '1993-05-14', '777-888-9999', '303 Pine Rd, Houston, TX', 604),
(150, 'Aiden Baker', 'Male', '1992-07-14', '112-334-4455', '505 Cedar Rd, New York, NY', 601),
(151, 'Emma Scott', 'Female', '1993-04-22', '223-445-5566', '606 Birch St, Los Angeles, CA', 602),
(152, 'Oliver Brown', 'Male', '1986-09-13', '334-556-6677', '707 Oak Blvd, Chicago, IL', 603),
(153, 'Amelia Harris', 'Female', '1988-11-07', '445-667-7788', '808 Pine Ave, Houston, TX', 604),
(154, 'Jackson Lee', 'Male', '1990-01-09', '556-778-8899', '909 Maple St, Phoenix, AZ', 605),
(155, 'Mia Wright', 'Female', '1994-05-26', '667-889-9900', '101 Elm Rd, New York, NY', 601),
(156, 'Benjamin Wilson', 'Male', '1982-06-21', '778-990-0011', '202 Cedar St, Los Angeles, CA', 602),
(157, 'Zoe Anderson', 'Female', '1993-12-16', '889-001-1122', '303 Pine Blvd, Chicago, IL', 603),
(158, 'Elijah Young', 'Male', '1985-03-29', '990-112-2233', '404 Oak Rd, Houston, TX', 604),
(159, 'Daniel Moore', 'Male', '1992-05-10', '123-987-6543', '123 Birch St, New York, NY', 601);

/*******************************************************************************
Insert Into Appointments
********************************************************************************/
INSERT INTO appointments (appointment_id, patient_id, doctor_id, hospital_id, appointment_date, reason, status) VALUES
(401, 101, 301, 201, '2024-05-01', 'Routine checkup', 'completed'),
(402, 102, 302, 201, '2024-05-03', 'Migraine management', 'completed'),
(403, 103, 303, 202, '2024-05-04', 'Oncology consultation', 'completed'),
(404, 101, 301, 201, '2024-05-15', 'Annual bloodwork', 'missed'),
(405, 104, 304, 203, '2024-05-06', 'Neurology exam', 'completed'),
(406, 105, 305, 203, '2024-05-08', 'Concussion follow-up', 'completed'),
(407, 106, 306, 204, '2024-05-10', 'Orthopedic evaluation', 'completed'),
(408, 107, 307, 204, '2024-05-12', 'Pediatric vaccination', 'completed'),
(409, 108, 308, 202, '2024-05-14', 'Skin allergy review', 'canceled'),
(410, 101, 301, 201, '2024-05-20', 'Follow-up physical exam', 'completed'),
(411, 110, 309, 202, '2024-05-16', 'Child wellness check', 'completed'),
(412, 112, 310, 203, '2024-05-18', 'Anxiety consultation', 'completed'),
(413, 113, 311, 203, '2024-05-19', 'Cardiology appointment', 'completed'),
(414, 101, 301, 201, '2024-06-01', 'Specialist referral', 'completed'),
(415, 115, 312, 204, '2024-06-05', 'Sports injury review', 'completed'),
(416, 116, 306, 204, '2024-06-08', 'Orthopedic follow-up', 'completed'),
(417, 117, 308, 202, '2024-06-10', 'Dermatology consult', 'missed'),
(418, 101, 301, 201, '2024-06-15', 'Lab test results review', 'completed'),
(419, 120, 309, 202, '2024-06-18', 'Child vaccination', 'completed'),
(420, 121, 310, 203, '2024-06-20', 'Psychiatry follow-up', 'canceled'),
(421, 123, 311, 203, '2024-06-22', 'Cardiology stress test', 'completed'),
(422, 124, 312, 204, '2024-06-25', 'Rehabilitation consultation', 'completed'),
(423, 125, 302, 201, '2024-06-27', 'Chronic pain assessment', 'completed'),
(424, 126, 301, 201, '2024-07-01', 'General checkup', 'completed'),
(425, 127, 308, 202, '2024-07-03', 'Skin condition evaluation', 'completed'),
(426, 128, 306, 204, '2024-07-05', 'Orthopedic surgery prep', 'missed'),
(427, 130, 307, 204, '2024-07-07', 'Pediatric flu treatment', 'completed'),
(428, 132, 308, 202, '2024-07-09', 'Dermatitis management', 'completed'),
(429, 134, 303, 202, '2024-07-11', 'Cancer treatment', 'completed'),
(430, 135, 305, 203, '2024-07-13', 'Neurology symptoms review', 'completed'),
(431, 136, 306, 204, '2024-07-15', 'Knee injury follow-up', 'completed'),
(432, 138, 311, 203, '2024-07-17', 'Cardiac rehabilitation', 'completed'),
(433, 140, 309, 202, '2024-07-19', 'Child health assessment', 'canceled'),
(434, 141, 310, 203, '2024-07-21', 'Anxiety therapy session', 'completed'),
(435, 144, 311, 203, '2024-07-23', 'Heart monitoring', 'completed'),
(436, 146, 306, 204, '2024-07-25', 'Bone fracture treatment', 'completed'),
(437, 148, 308, 202, '2024-07-27', 'Psoriasis management', 'completed'),
(438, 150, 302, 201, '2024-07-30', 'Migraine new assessment', 'completed'),
(439, 101, 301, 201, '2024-08-05', 'Chronic disease management', 'completed'),
(440, 108, 308, 202, '2024-08-07', 'Skin infection review', 'completed'),
(441, 117, 308, 202, '2024-08-09', 'Mole check-up', 'completed'),
(442, 151, 312, 204, '2024-08-10', 'Physical rehabilitation', 'completed'),
(443, 152, 305, 203, '2024-08-12', 'Multiple sclerosis follow-up', 'completed'),
(444, 153, 309, 202, '2024-08-14', 'Adolescent health consultation', 'completed'),
(445, 154, 310, 203, '2024-08-16', 'Trauma counseling', 'canceled'),
(446, 155, 311, 203, '2024-08-18', 'Coronary artery checkup', 'completed'),
(447, 156, 306, 204, '2024-08-20', 'Post-surgery orthopedic check-up', 'completed'),
(448, 157, 307, 204, '2024-08-22', 'Emergency pediatric consultation', 'completed'),
(449, 158, 308, 202, '2024-08-24', 'Acne treatment consultation', 'completed'),
(450, 159, 302, 201, '2024-08-26', 'Headache diagnosis', 'completed');

/*******************************************************************************
Insert Into Bills
********************************************************************************/
INSERT INTO bills (bill_id, patient_id, appointment_id, insurance_id, bill_date, total_amount, payment_status, payment_method, insurance_coverage, amount_due) VALUES
(501, 101, 401, 601, '2024-05-01', 150.00, 'Paid', 'Credit Card', 80.00, 70.00),
(502, 102, 402, 601, '2024-05-03', 200.00, 'Paid', 'Debit Card', 120.00, 80.00),
(503, 103, 403, 602, '2024-05-04', 250.00, 'Unpaid', 'Cash', 150.00, 100.00),
(504, 101, 404, 601, '2024-05-15', 180.00, 'Unpaid', 'Credit Card', 100.00, 80.00),
(505, 104, 405, 603, '2024-05-06', 300.00, 'Paid', 'Cash', 180.00, 120.00),
(506, 105, 406, 603, '2024-05-08', 120.00, 'Paid', 'Credit Card', 60.00, 60.00),
(507, 106, 407, 604, '2024-05-10', 220.00, 'Paid', 'Debit Card', 110.00, 110.00),
(508, 107, 408, 604, '2024-05-12', 100.00, 'Paid', 'Credit Card', 50.00, 50.00),
(509, 108, 409, 602, '2024-05-14', 150.00, 'Unpaid', 'Cash', 70.00, 80.00),
(510, 101, 410, 601, '2024-05-20', 180.00, 'Paid', 'Debit Card', 90.00, 90.00),
(511, 110, 411, 602, '2024-05-16', 170.00, 'Paid', 'Credit Card', 80.00, 90.00),
(512, 112, 412, 603, '2024-05-18', 210.00, 'Paid', 'Debit Card', 120.00, 90.00),
(513, 113, 413, 603, '2024-05-19', 160.00, 'Unpaid', 'Cash', 90.00, 70.00),
(514, 101, 414, 601, '2024-06-01', 140.00, 'Paid', 'Credit Card', 80.00, 60.00),
(515, 115, 415, 604, '2024-06-05', 200.00, 'Paid', 'Debit Card', 110.00, 90.00),
(516, 116, 416, 604, '2024-06-08', 170.00, 'Paid', 'Credit Card', 100.00, 70.00),
(517, 117, 417, 602, '2024-06-10', 250.00, 'Unpaid', 'Cash', 150.00, 100.00),
(518, 101, 418, 601, '2024-06-15', 190.00, 'Paid', 'Debit Card', 110.00, 80.00),
(519, 120, 419, 602, '2024-06-18', 210.00, 'Paid', 'Credit Card', 130.00, 80.00),
(520, 121, 420, 603, '2024-06-20', 220.00, 'Unpaid', 'Cash', 140.00, 80.00),
(521, 123, 421, 603, '2024-06-22', 230.00, 'Paid', 'Debit Card', 140.00, 90.00),
(522, 124, 422, 604, '2024-06-25', 240.00, 'Paid', 'Credit Card', 150.00, 90.00),
(523, 125, 423, 604, '2024-06-27', 180.00, 'Unpaid', 'Cash', 100.00, 80.00),
(524, 126, 424, 601, '2024-07-01', 160.00, 'Paid', 'Debit Card', 90.00, 70.00),
(525, 127, 425, 601, '2024-07-03', 190.00, 'Paid', 'Credit Card', 100.00, 90.00),
(526, 128, 426, 602, '2024-07-05', 250.00, 'Unpaid', 'Cash', 140.00, 110.00),
(527, 130, 427, 602, '2024-07-07', 180.00, 'Paid', 'Debit Card', 100.00, 80.00),
(528, 132, 428, 603, '2024-07-09', 210.00, 'Paid', 'Credit Card', 120.00, 90.00),
(529, 134, 429, 603, '2024-07-11', 230.00, 'Unpaid', 'Cash', 130.00, 100.00),
(530, 135, 430, 604, '2024-07-13', 160.00, 'Paid', 'Debit Card', 90.00, 70.00),
(531, 136, 431, 604, '2024-07-15', 240.00, 'Paid', 'Credit Card', 150.00, 90.00),
(532, 138, 432, 601, '2024-07-17', 200.00, 'Paid', 'Cash', 120.00, 80.00),
(533, 140, 433, 601, '2024-07-19', 150.00, 'Unpaid', 'Debit Card', 80.00, 70.00),
(534, 141, 434, 602, '2024-07-21', 180.00, 'Paid', 'Credit Card', 100.00, 80.00),
(535, 144, 435, 602, '2024-07-23', 220.00, 'Unpaid', 'Cash', 130.00, 90.00),
(536, 146, 436, 603, '2024-07-25', 230.00, 'Paid', 'Debit Card', 140.00, 90.00),
(537, 148, 437, 603, '2024-07-27', 210.00, 'Paid', 'Credit Card', 130.00, 80.00),
(538, 150, 438, 604, '2024-07-30', 190.00, 'Unpaid', 'Cash', 100.00, 90.00),
(539, 101, 439, 601, '2024-08-05', 210.00, 'Paid', 'Debit Card', 120.00, 90.00),
(540, 108, 440, 602, '2024-08-07', 230.00, 'Paid', 'Credit Card', 140.00, 90.00),
(541, 117, 441, 602, '2024-08-09', 250.00, 'Paid', 'Cash', 150.00, 100.00),
(542, 151, 442, 603, '2024-08-10', 190.00, 'Paid', 'Debit Card', 110.00, 80.00),
(543, 152, 443, 603, '2024-08-12', 220.00, 'Unpaid', 'Credit Card', 120.00, 100.00),
(544, 153, 444, 604, '2024-08-14', 240.00, 'Paid', 'Cash', 150.00, 90.00),
(545, 154, 445, 604, '2024-08-16', 210.00, 'Unpaid', 'Debit Card', 120.00, 90.00),
(546, 155, 446, 601, '2024-08-18', 180.00, 'Paid', 'Credit Card', 90.00, 90.00),
(547, 156, 447, 601, '2024-08-20', 200.00, 'Paid', 'Cash', 110.00, 90.00),
(548, 157, 448, 602, '2024-08-22', 170.00, 'Paid', 'Debit Card', 80.00, 90.00),
(549, 158, 449, 602, '2024-08-24', 220.00, 'Unpaid', 'Credit Card', 130.00, 90.00),
(550, 159, 450, 603, '2024-08-26', 240.00, 'Paid', 'Cash', 140.00, 100.00);